<?xml version="1.0" encoding="UTF-8" ?>
<!-- This is a WordPress eXtended RSS file generated by WordPress as an export of your site. -->
<!-- It contains information about your site's posts, pages, comments, categories, and other content. -->
<!-- You may use this file to transfer that content from one site to another. -->
<!-- This file is not intended to serve as a complete backup of your site. -->

<!-- To import this information into a WordPress site follow these steps: -->
<!-- 1. Log in to that site as an administrator. -->
<!-- 2. Go to Tools: Import in the WordPress admin panel. -->
<!-- 3. Install the "WordPress" importer from the list. -->
<!-- 4. Activate & Run Importer. -->
<!-- 5. Upload this file using the form provided on that page. -->
<!-- 6. You will first be asked to map the authors in this export file to users -->
<!--    on the site. For each author, you may choose to map to an -->
<!--    existing user on the site or to create a new user. -->
<!-- 7. WordPress will then import each of the posts, pages, comments, categories, etc. -->
<!--    contained in this file into your site. -->

<!-- generator="WordPress/4.9.4" created="2018-02-19 13:54" -->
<rss version="2.0"
	xmlns:excerpt="http://wordpress.org/export/1.2/excerpt/"
	xmlns:content="http://purl.org/rss/1.0/modules/content/"
	xmlns:wfw="http://wellformedweb.org/CommentAPI/"
	xmlns:dc="http://purl.org/dc/elements/1.1/"
	xmlns:wp="http://wordpress.org/export/1.2/"
>

<channel>
	<title>Test2</title>
	<link>http://jfleblanc.dectim.ca/cours/cw4/semaine05</link>
	<description>Un site utilisant WordPress</description>
	<pubDate>Mon, 19 Feb 2018 13:54:19 +0000</pubDate>
	<language>fr-FR</language>
	<wp:wxr_version>1.2</wp:wxr_version>
	<wp:base_site_url>http://jfleblanc.dectim.ca/cours/cw4/semaine05</wp:base_site_url>
	<wp:base_blog_url>http://jfleblanc.dectim.ca/cours/cw4/semaine05</wp:base_blog_url>

	<wp:author><wp:author_id>1</wp:author_id><wp:author_login><![CDATA[jfleblanc]]></wp:author_login><wp:author_email><![CDATA[test@test.ca]]></wp:author_email><wp:author_display_name><![CDATA[jfleblanc]]></wp:author_display_name><wp:author_first_name><![CDATA[]]></wp:author_first_name><wp:author_last_name><![CDATA[]]></wp:author_last_name></wp:author>

	<wp:category>
		<wp:term_id>2</wp:term_id>
		<wp:category_nicename><![CDATA[arts-numeriques]]></wp:category_nicename>
		<wp:category_parent><![CDATA[]]></wp:category_parent>
		<wp:cat_name><![CDATA[Arts Numériques]]></wp:cat_name>
	</wp:category>
	<wp:category>
		<wp:term_id>3</wp:term_id>
		<wp:category_nicename><![CDATA[exposition]]></wp:category_nicename>
		<wp:category_parent><![CDATA[]]></wp:category_parent>
		<wp:cat_name><![CDATA[Exposition]]></wp:cat_name>
	</wp:category>
	<wp:category>
		<wp:term_id>4</wp:term_id>
		<wp:category_nicename><![CDATA[musiques]]></wp:category_nicename>
		<wp:category_parent><![CDATA[]]></wp:category_parent>
		<wp:cat_name><![CDATA[Musiques]]></wp:cat_name>
	</wp:category>
	<wp:category>
		<wp:term_id>1</wp:term_id>
		<wp:category_nicename><![CDATA[non-classe]]></wp:category_nicename>
		<wp:category_parent><![CDATA[]]></wp:category_parent>
		<wp:cat_name><![CDATA[Non classé]]></wp:cat_name>
	</wp:category>
	<wp:category>
		<wp:term_id>5</wp:term_id>
		<wp:category_nicename><![CDATA[spectacles]]></wp:category_nicename>
		<wp:category_parent><![CDATA[]]></wp:category_parent>
		<wp:cat_name><![CDATA[Spectacles]]></wp:cat_name>
	</wp:category>
	<wp:term>
		<wp:term_id><![CDATA[2]]></wp:term_id>
		<wp:term_taxonomy><![CDATA[category]]></wp:term_taxonomy>
		<wp:term_slug><![CDATA[arts-numeriques]]></wp:term_slug>
		<wp:term_parent><![CDATA[]]></wp:term_parent>
		<wp:term_name><![CDATA[Arts Numériques]]></wp:term_name>
	</wp:term>
	<wp:term>
		<wp:term_id><![CDATA[3]]></wp:term_id>
		<wp:term_taxonomy><![CDATA[category]]></wp:term_taxonomy>
		<wp:term_slug><![CDATA[exposition]]></wp:term_slug>
		<wp:term_parent><![CDATA[]]></wp:term_parent>
		<wp:term_name><![CDATA[Exposition]]></wp:term_name>
	</wp:term>
	<wp:term>
		<wp:term_id><![CDATA[4]]></wp:term_id>
		<wp:term_taxonomy><![CDATA[category]]></wp:term_taxonomy>
		<wp:term_slug><![CDATA[musiques]]></wp:term_slug>
		<wp:term_parent><![CDATA[]]></wp:term_parent>
		<wp:term_name><![CDATA[Musiques]]></wp:term_name>
	</wp:term>
	<wp:term>
		<wp:term_id><![CDATA[1]]></wp:term_id>
		<wp:term_taxonomy><![CDATA[category]]></wp:term_taxonomy>
		<wp:term_slug><![CDATA[non-classe]]></wp:term_slug>
		<wp:term_parent><![CDATA[]]></wp:term_parent>
		<wp:term_name><![CDATA[Non classé]]></wp:term_name>
	</wp:term>
	<wp:term>
		<wp:term_id><![CDATA[5]]></wp:term_id>
		<wp:term_taxonomy><![CDATA[category]]></wp:term_taxonomy>
		<wp:term_slug><![CDATA[spectacles]]></wp:term_slug>
		<wp:term_parent><![CDATA[]]></wp:term_parent>
		<wp:term_name><![CDATA[Spectacles]]></wp:term_name>
	</wp:term>

	<generator>https://wordpress.org/?v=4.9.4</generator>

	<item>
		<title>Bonjour tout le monde !</title>
		<link>https://jfleblanc.dectim.ca/cours/cw4/semaine05/bonjour-tout-le-monde__trashed/</link>
		<pubDate>Mon, 19 Feb 2018 13:46:17 +0000</pubDate>
		<dc:creator><![CDATA[jfleblanc]]></dc:creator>
		<guid isPermaLink="false">https://jfleblanc.dectim.ca/cours/cw4/semaine05/?p=1</guid>
		<description></description>
		<content:encoded><![CDATA[Bienvenue sur WordPress. Ceci est votre premier article. Modifiez-le ou supprimez-le, puis lancez-vous !]]></content:encoded>
		<excerpt:encoded><![CDATA[]]></excerpt:encoded>
		<wp:post_id>1</wp:post_id>
		<wp:post_date><![CDATA[2018-02-19 14:46:17]]></wp:post_date>
		<wp:post_date_gmt><![CDATA[2018-02-19 13:46:17]]></wp:post_date_gmt>
		<wp:comment_status><![CDATA[open]]></wp:comment_status>
		<wp:ping_status><![CDATA[open]]></wp:ping_status>
		<wp:post_name><![CDATA[bonjour-tout-le-monde__trashed]]></wp:post_name>
		<wp:status><![CDATA[trash]]></wp:status>
		<wp:post_parent>0</wp:post_parent>
		<wp:menu_order>0</wp:menu_order>
		<wp:post_type><![CDATA[post]]></wp:post_type>
		<wp:post_password><![CDATA[]]></wp:post_password>
		<wp:is_sticky>0</wp:is_sticky>
		<category domain="category" nicename="non-classe"><![CDATA[Non classé]]></category>
		<wp:postmeta>
			<wp:meta_key><![CDATA[_wp_trash_meta_status]]></wp:meta_key>
			<wp:meta_value><![CDATA[publish]]></wp:meta_value>
		</wp:postmeta>
		<wp:postmeta>
			<wp:meta_key><![CDATA[_wp_trash_meta_time]]></wp:meta_key>
			<wp:meta_value><![CDATA[1519047999]]></wp:meta_value>
		</wp:postmeta>
		<wp:postmeta>
			<wp:meta_key><![CDATA[_wp_desired_post_slug]]></wp:meta_key>
			<wp:meta_value><![CDATA[bonjour-tout-le-monde]]></wp:meta_value>
		</wp:postmeta>
		<wp:postmeta>
			<wp:meta_key><![CDATA[_wp_trash_meta_comments_status]]></wp:meta_key>
			<wp:meta_value><![CDATA[a:1:{i:1;s:1:"1";}]]></wp:meta_value>
		</wp:postmeta>
		<wp:comment>
			<wp:comment_id>1</wp:comment_id>
			<wp:comment_author><![CDATA[Un commentateur WordPress]]></wp:comment_author>
			<wp:comment_author_email><![CDATA[wapuu@wordpress.example]]></wp:comment_author_email>
			<wp:comment_author_url>https://wordpress.org/</wp:comment_author_url>
			<wp:comment_author_IP><![CDATA[]]></wp:comment_author_IP>
			<wp:comment_date><![CDATA[2018-02-19 14:46:17]]></wp:comment_date>
			<wp:comment_date_gmt><![CDATA[2018-02-19 13:46:17]]></wp:comment_date_gmt>
			<wp:comment_content><![CDATA[Bonjour, ceci est un commentaire.
Pour débuter avec la modération, la modification et la suppression de commentaires, veuillez visiter l’écran des Commentaires dans le Tableau de bord.
Les avatars des personnes qui commentent arrivent depuis <a href="https://gravatar.com">Gravatar</a>.]]></wp:comment_content>
			<wp:comment_approved><![CDATA[post-trashed]]></wp:comment_approved>
			<wp:comment_type><![CDATA[]]></wp:comment_type>
			<wp:comment_parent>0</wp:comment_parent>
			<wp:comment_user_id>0</wp:comment_user_id>
		</wp:comment>
	</item>
	<item>
		<title>Page d’exemple</title>
		<link>https://jfleblanc.dectim.ca/cours/cw4/semaine05/page-d-exemple__trashed/</link>
		<pubDate>Mon, 19 Feb 2018 13:46:17 +0000</pubDate>
		<dc:creator><![CDATA[jfleblanc]]></dc:creator>
		<guid isPermaLink="false">https://jfleblanc.dectim.ca/cours/cw4/semaine05/?page_id=2</guid>
		<description></description>
		<content:encoded><![CDATA[Voici un exemple de page. Elle est différente d’un article de blog, en cela qu’elle restera à la même place, et s’affichera dans le menu de navigation de votre site (en fonction de votre thème). La plupart des gens commencent par écrire une page « À Propos » qui les présente aux visiteurs potentiels du site. Vous pourriez y écrire quelque chose de ce tenant :

<blockquote>Bonjour ! Je suis un mécanicien qui aspire à devenir un acteur, et ceci est mon blog. J’habite à Bordeaux, j’ai un super chien qui s’appelle Russell, et j’aime la vodka-ananas (ainsi que perdre mon temps à regarder la pluie tomber).</blockquote>

...ou bien quelque chose comme cela :

<blockquote>La société 123 Machin Truc a été créée en 1971, et n’a cessé de proposer au public des machins-trucs de qualité depuis cette année. Située à Saint-Remy-en-Bouzemont-Saint-Genest-et-Isson, 123 Machin Truc emploie 2 000 personnes, et fabrique toutes sortes de bidules super pour la communauté bouzemontoise.</blockquote>

Étant donné que vous êtes un nouvel utilisateur ou une nouvelle utilisatrice de WordPress, vous devriez vous rendre sur votre <a href="https://jfleblanc.dectim.ca/cours/cw4/semaine05/wp-admin/">tableau de bord</a> pour effacer la présente page, et créer de nouvelles pages avec votre propre contenu. Amusez-vous bien !]]></content:encoded>
		<excerpt:encoded><![CDATA[]]></excerpt:encoded>
		<wp:post_id>2</wp:post_id>
		<wp:post_date><![CDATA[2018-02-19 14:46:17]]></wp:post_date>
		<wp:post_date_gmt><![CDATA[2018-02-19 13:46:17]]></wp:post_date_gmt>
		<wp:comment_status><![CDATA[closed]]></wp:comment_status>
		<wp:ping_status><![CDATA[open]]></wp:ping_status>
		<wp:post_name><![CDATA[page-d-exemple__trashed]]></wp:post_name>
		<wp:status><![CDATA[trash]]></wp:status>
		<wp:post_parent>0</wp:post_parent>
		<wp:menu_order>0</wp:menu_order>
		<wp:post_type><![CDATA[page]]></wp:post_type>
		<wp:post_password><![CDATA[]]></wp:post_password>
		<wp:is_sticky>0</wp:is_sticky>
		<wp:postmeta>
			<wp:meta_key><![CDATA[_wp_page_template]]></wp:meta_key>
			<wp:meta_value><![CDATA[default]]></wp:meta_value>
		</wp:postmeta>
		<wp:postmeta>
			<wp:meta_key><![CDATA[_wp_trash_meta_status]]></wp:meta_key>
			<wp:meta_value><![CDATA[publish]]></wp:meta_value>
		</wp:postmeta>
		<wp:postmeta>
			<wp:meta_key><![CDATA[_wp_trash_meta_time]]></wp:meta_key>
			<wp:meta_value><![CDATA[1519048008]]></wp:meta_value>
		</wp:postmeta>
		<wp:postmeta>
			<wp:meta_key><![CDATA[_wp_desired_post_slug]]></wp:meta_key>
			<wp:meta_value><![CDATA[page-d-exemple]]></wp:meta_value>
		</wp:postmeta>
	</item>
	<item>
		<title>Page d’exemple</title>
		<link>https://jfleblanc.dectim.ca/cours/cw4/semaine05/page-d-exemple__trashed-2/</link>
		<pubDate>Wed, 14 Feb 2018 18:40:20 +0000</pubDate>
		<dc:creator><![CDATA[jfleblanc]]></dc:creator>
		<guid isPermaLink="false">https://jfleblanc.dectim.ca/cours/cw4/semaine05/?page_id=2</guid>
		<description></description>
		<content:encoded><![CDATA[Voici un exemple de page. Elle est différente d’un article de blog, en cela qu’elle restera à la même place, et s’affichera dans le menu de navigation de votre site (en fonction de votre thème). La plupart des gens commencent par écrire une page « À Propos » qui les présente aux visiteurs potentiels du site. Vous pourriez y écrire quelque chose de ce tenant :

<blockquote>Bonjour ! Je suis un mécanicien qui aspire à devenir un acteur, et ceci est mon blog. J’habite à Bordeaux, j’ai un super chien qui s’appelle Russell, et j’aime la vodka-ananas (ainsi que perdre mon temps à regarder la pluie tomber).</blockquote>

...ou bien quelque chose comme cela :

<blockquote>La société 123 Machin Truc a été créée en 1971, et n’a cessé de proposer au public des machins-trucs de qualité depuis cette année. Située à Saint-Remy-en-Bouzemont-Saint-Genest-et-Isson, 123 Machin Truc emploie 2 000 personnes, et fabrique toutes sortes de bidules super pour la communauté bouzemontoise.</blockquote>

Étant donné que vous êtes un nouvel utilisateur ou une nouvelle utilisatrice de WordPress, vous devriez vous rendre sur votre <a href="https://jfleblanc.dectim.ca/cours/cw4/semaine05/wp-admin/">tableau de bord</a> pour effacer la présente page, et créer de nouvelles pages avec votre propre contenu. Amusez-vous bien !]]></content:encoded>
		<excerpt:encoded><![CDATA[]]></excerpt:encoded>
		<wp:post_id>7</wp:post_id>
		<wp:post_date><![CDATA[2018-02-14 19:40:20]]></wp:post_date>
		<wp:post_date_gmt><![CDATA[2018-02-14 18:40:20]]></wp:post_date_gmt>
		<wp:comment_status><![CDATA[closed]]></wp:comment_status>
		<wp:ping_status><![CDATA[open]]></wp:ping_status>
		<wp:post_name><![CDATA[page-d-exemple__trashed-2]]></wp:post_name>
		<wp:status><![CDATA[trash]]></wp:status>
		<wp:post_parent>0</wp:post_parent>
		<wp:menu_order>0</wp:menu_order>
		<wp:post_type><![CDATA[page]]></wp:post_type>
		<wp:post_password><![CDATA[]]></wp:post_password>
		<wp:is_sticky>0</wp:is_sticky>
		<wp:postmeta>
			<wp:meta_key><![CDATA[_wp_page_template]]></wp:meta_key>
			<wp:meta_value><![CDATA[default]]></wp:meta_value>
		</wp:postmeta>
		<wp:postmeta>
			<wp:meta_key><![CDATA[_wp_trash_meta_status]]></wp:meta_key>
			<wp:meta_value><![CDATA[publish]]></wp:meta_value>
		</wp:postmeta>
		<wp:postmeta>
			<wp:meta_key><![CDATA[_wp_trash_meta_time]]></wp:meta_key>
			<wp:meta_value><![CDATA[1518633683]]></wp:meta_value>
		</wp:postmeta>
		<wp:postmeta>
			<wp:meta_key><![CDATA[_wp_desired_post_slug]]></wp:meta_key>
			<wp:meta_value><![CDATA[page-d-exemple]]></wp:meta_value>
		</wp:postmeta>
	</item>
	<item>
		<title>À propos</title>
		<link>https://jfleblanc.dectim.ca/cours/cw4/semaine05/a-propos/</link>
		<pubDate>Sun, 18 Feb 2018 21:02:41 +0000</pubDate>
		<dc:creator><![CDATA[jfleblanc]]></dc:creator>
		<guid isPermaLink="false">https://jfleblanc.dectim.ca/cours/cw4/semaine05/?page_id=15</guid>
		<description></description>
		<content:encoded><![CDATA[<h2>À propos du festival</h2>
MONTRÉAL EN LUMIÈRE, c’est un des plus grands festivals d’hiver au monde, une folie qui enregistre annuellement 1 300 000 visites de festivaliers venus vivre pleinement l’hiver montréalais par le biais d’une programmation inusitée, alliant arts de la scène, gastronomie et activités familiales extérieures gratuites, sans oublier une nuit complète de découvertes des plus originales !
<h3>MONTRÉAL EN LUMIÈRE… et en gastronomie !</h3>
Unique au monde, notamment par son concept de jumelage qui permet la rencontre en cuisine des meilleurs chefs montréalais et des plus grandes toques des cinq continents, la programmation gastronomique et vinicole s’est imposée comme incontournable. Depuis 2000, quelque 500 chefs, vignerons et conférenciers de renommée y ont pris part, proposant des expériences inoubliables, entre autres aux Bonnes Tables du festival, réputées pour leurs parfaites harmonies mets et vins.
<h3>Lumière sur la scène !</h3>
Musique, cirque, chanson, théâtre, danse… toutes les facettes de la culture défilent à Montréal grâce à la programmation artistique de MONTRÉAL EN LUMIÈRE. Le festival met en effet la métropole sous les projecteurs avec une programmation riche et éclectique qui accueille aussi bien icônes que nouveaux artistes d’ici et d’ailleurs. Pendant le festival, découvertes, créations inédites et prestations éblouissantes deviennent ainsi le quotidien de la métropole.
<h3>Un site extérieur gratuit qui anime l’hiver montréalais</h3>
Avec le festival, le Quartier des spectacles et sa place des Festivals — cœur de la vie festive du centre-ville — deviennent un rendez-vous incontournable. Le site extérieur gratuit regorge d’activités gratuites servies avec un bon bol d’air : braseros, spectacles, activités pour enfants, remarquable mise en lumière, etc., le tout rendant bien honneur au goût de la fête et au sens de l’animation des Montréalais.
<h3>Passer une nuit blanche à Montréal ? Volontiers !</h3>
Chaque année, elle ouvre le bal des « Nuits blanches » à travers le monde. Et quel bel exemple elle donne ! La Nuit blanche à Montréal propose aux citadins et aux touristes plus de 200 activités pour la plupart gratuites et reliées par un service gratuit de navettes. Que ce soit sur scène ou sur toile, en plein air ou en pleine lumière, en musique ou en contes, en installations, en expositions ou en danse, la ville s’anime la nuit pour un circuit plaisirs-découvertes des plus festif !

https://youtu.be/Jvzll59gLUY

&nbsp;]]></content:encoded>
		<excerpt:encoded><![CDATA[]]></excerpt:encoded>
		<wp:post_id>15</wp:post_id>
		<wp:post_date><![CDATA[2018-02-18 22:02:41]]></wp:post_date>
		<wp:post_date_gmt><![CDATA[2018-02-18 21:02:41]]></wp:post_date_gmt>
		<wp:comment_status><![CDATA[closed]]></wp:comment_status>
		<wp:ping_status><![CDATA[closed]]></wp:ping_status>
		<wp:post_name><![CDATA[a-propos]]></wp:post_name>
		<wp:status><![CDATA[publish]]></wp:status>
		<wp:post_parent>0</wp:post_parent>
		<wp:menu_order>0</wp:menu_order>
		<wp:post_type><![CDATA[page]]></wp:post_type>
		<wp:post_password><![CDATA[]]></wp:post_password>
		<wp:is_sticky>0</wp:is_sticky>
		<wp:postmeta>
			<wp:meta_key><![CDATA[_edit_last]]></wp:meta_key>
			<wp:meta_value><![CDATA[1]]></wp:meta_value>
		</wp:postmeta>
		<wp:postmeta>
			<wp:meta_key><![CDATA[_oembed_21941eff753a38cd20e0c4c226780099]]></wp:meta_key>
			<wp:meta_value><![CDATA[<iframe width="660" height="371" src="https://www.youtube.com/embed/Jvzll59gLUY?feature=oembed" frameborder="0" allow="autoplay; encrypted-media" allowfullscreen></iframe>]]></wp:meta_value>
		</wp:postmeta>
		<wp:postmeta>
			<wp:meta_key><![CDATA[_oembed_time_21941eff753a38cd20e0c4c226780099]]></wp:meta_key>
			<wp:meta_value><![CDATA[1518984369]]></wp:meta_value>
		</wp:postmeta>
		<wp:postmeta>
			<wp:meta_key><![CDATA[_oembed_19a62d53b8455563e4a3446a0bc73e13]]></wp:meta_key>
			<wp:meta_value><![CDATA[<iframe width="1144" height="644" src="https://www.youtube.com/embed/Jvzll59gLUY?feature=oembed" frameborder="0" allow="autoplay; encrypted-media" allowfullscreen></iframe>]]></wp:meta_value>
		</wp:postmeta>
		<wp:postmeta>
			<wp:meta_key><![CDATA[_oembed_time_19a62d53b8455563e4a3446a0bc73e13]]></wp:meta_key>
			<wp:meta_value><![CDATA[1518987729]]></wp:meta_value>
		</wp:postmeta>
		<wp:postmeta>
			<wp:meta_key><![CDATA[_oembed_ea136a3e5dde5cae3d7c0585b2b486c2]]></wp:meta_key>
			<wp:meta_value><![CDATA[<iframe width="500" height="281" src="https://www.youtube.com/embed/Jvzll59gLUY?feature=oembed" frameborder="0" allow="autoplay; encrypted-media" allowfullscreen></iframe>]]></wp:meta_value>
		</wp:postmeta>
		<wp:postmeta>
			<wp:meta_key><![CDATA[_oembed_time_ea136a3e5dde5cae3d7c0585b2b486c2]]></wp:meta_key>
			<wp:meta_value><![CDATA[1518987762]]></wp:meta_value>
		</wp:postmeta>
	</item>
	<item>
		<title>Shenzen</title>
		<link>https://jfleblanc.dectim.ca/cours/cw4/semaine05/shenzen/</link>
		<pubDate>Sun, 18 Feb 2018 20:12:07 +0000</pubDate>
		<dc:creator><![CDATA[jfleblanc]]></dc:creator>
		<guid isPermaLink="false">https://jfleblanc.dectim.ca/cours/cw4/semaine05/?page_id=17</guid>
		<description></description>
		<content:encoded><![CDATA[<h2>Shenzhen : Grande ville à l'honneur</h2>
Ville à l’honneur de MONTRÉAL EN LUMIÈRE cette année, Shenzhen figure parmi les villes les plus riches et les plus peuplées de Chine avec ses quelque 11 millions d’habitants. Située dans la province du Guangdong en Chine méridionale, cette municipalité qui était encore largement rurale dans les années 1970 a connu un essor économique et démographique spectaculaire pour figurer aujourd’hui parmi les villes les plus florissantes au pays. Désormais, Shenzhen est une ville phare en matière d’art, de culture, de tourisme, d’innovation, de musique, avec son orchestre symphonique mondialement reconnu, et sa gastronomie cosmopolite à la croisée des influences.

Elle a non seulement hérité de la tradition culinaire cantonaise, une des quatre principales cuisines chinoises, mais a aussi absorbé l’essence de toutes les différentes gastronomies au pays, ainsi que celle du Japon, de la Corée du Sud, de l’Asie du Sud-Est, de France et d’Italie. Elle a par ailleurs évolué à travers des types de cuisine mieux adaptés aux habitudes culinaires urbaines, à la fois nourrissants, savoureux et soigneusement présentés. À MONTRÉAL EN LUMIÈRE, des chefs réputés du Futian Shangri-La Hotel et du Grand Mercure Oriental Ginza Hotel feront découvrir au public l’essence de cette gastronomie exceptionnelle.

Et, tout comme Montréal, Shenzhen, qui est membre du Réseau des villes créatives de l'UNESCO depuis 2008, a été reconnue comme Ville UNESCO de design. On comprendra que la collaboration entre MONTRÉAL EN LUMIÈRE et Shenzhen était toute naturelle et que l’événement montréalais réserve donc quelques surprises chinoises dans ses différentes programmations : gastronomie, arts et site extérieur gratuit !]]></content:encoded>
		<excerpt:encoded><![CDATA[]]></excerpt:encoded>
		<wp:post_id>17</wp:post_id>
		<wp:post_date><![CDATA[2018-02-18 21:12:07]]></wp:post_date>
		<wp:post_date_gmt><![CDATA[2018-02-18 20:12:07]]></wp:post_date_gmt>
		<wp:comment_status><![CDATA[closed]]></wp:comment_status>
		<wp:ping_status><![CDATA[closed]]></wp:ping_status>
		<wp:post_name><![CDATA[shenzen]]></wp:post_name>
		<wp:status><![CDATA[publish]]></wp:status>
		<wp:post_parent>0</wp:post_parent>
		<wp:menu_order>0</wp:menu_order>
		<wp:post_type><![CDATA[page]]></wp:post_type>
		<wp:post_password><![CDATA[]]></wp:post_password>
		<wp:is_sticky>0</wp:is_sticky>
		<wp:postmeta>
			<wp:meta_key><![CDATA[_edit_last]]></wp:meta_key>
			<wp:meta_value><![CDATA[1]]></wp:meta_value>
		</wp:postmeta>
	</item>
	<item>
		<title>Information</title>
		<link>https://jfleblanc.dectim.ca/cours/cw4/semaine05/information/</link>
		<pubDate>Sun, 18 Feb 2018 20:14:56 +0000</pubDate>
		<dc:creator><![CDATA[jfleblanc]]></dc:creator>
		<guid isPermaLink="false">https://jfleblanc.dectim.ca/cours/cw4/semaine05/?page_id=20</guid>
		<description></description>
		<content:encoded><![CDATA[<strong>Heures d'ouverture du site </strong>

Jeudi 18 février                       17 h à 23 h

Vendredi 19 février                17 h à 23 h

Samedi 20 février                   midi à 23 h

Dimanche 21 février               midi à 18 h

Jeudi 25 février                       17 h à 23 h

Vendredi 26 février                17 h à 23 h

Samedi 27 février                   midi à 3 h

Dimanche 28 février               midi à 18 h

&nbsp;

Jeudi 3 mars                           midi à 23 h

Vendredi 4 mars                    midi à 23 h

Samedi 5 mars                       midi à 23 h

*Le site est fermé les lundis, mardis et mercredis.

&nbsp;]]></content:encoded>
		<excerpt:encoded><![CDATA[]]></excerpt:encoded>
		<wp:post_id>20</wp:post_id>
		<wp:post_date><![CDATA[2018-02-18 21:14:56]]></wp:post_date>
		<wp:post_date_gmt><![CDATA[2018-02-18 20:14:56]]></wp:post_date_gmt>
		<wp:comment_status><![CDATA[closed]]></wp:comment_status>
		<wp:ping_status><![CDATA[closed]]></wp:ping_status>
		<wp:post_name><![CDATA[information]]></wp:post_name>
		<wp:status><![CDATA[publish]]></wp:status>
		<wp:post_parent>0</wp:post_parent>
		<wp:menu_order>0</wp:menu_order>
		<wp:post_type><![CDATA[page]]></wp:post_type>
		<wp:post_password><![CDATA[]]></wp:post_password>
		<wp:is_sticky>0</wp:is_sticky>
		<wp:postmeta>
			<wp:meta_key><![CDATA[_edit_last]]></wp:meta_key>
			<wp:meta_value><![CDATA[1]]></wp:meta_value>
		</wp:postmeta>
		<wp:postmeta>
			<wp:meta_key><![CDATA[_wp_page_template]]></wp:meta_key>
			<wp:meta_value><![CDATA[page-information.php]]></wp:meta_value>
		</wp:postmeta>
	</item>
	<item>
		<title>Le design de Shenzhen en 24 affiches</title>
		<link>https://jfleblanc.dectim.ca/cours/cw4/semaine05/le-design-de-shenzhen-en-24-affiches/</link>
		<pubDate>Sun, 18 Feb 2018 20:16:07 +0000</pubDate>
		<dc:creator><![CDATA[jfleblanc]]></dc:creator>
		<guid isPermaLink="false">https://jfleblanc.dectim.ca/cours/cw4/semaine05/?p=23</guid>
		<description></description>
		<content:encoded><![CDATA[Sous le thême de la ville de Shenzhen, l'exposition célèbre le design chinois à travers 24 affiches artistiqeus sélectionnées. Un projet rendu possible grâce à la collaboration du Shenzhen Guanshanyue Art Museum.

Gratuit
Maison du Festival]]></content:encoded>
		<excerpt:encoded><![CDATA[]]></excerpt:encoded>
		<wp:post_id>23</wp:post_id>
		<wp:post_date><![CDATA[2018-02-18 21:16:07]]></wp:post_date>
		<wp:post_date_gmt><![CDATA[2018-02-18 20:16:07]]></wp:post_date_gmt>
		<wp:comment_status><![CDATA[open]]></wp:comment_status>
		<wp:ping_status><![CDATA[open]]></wp:ping_status>
		<wp:post_name><![CDATA[le-design-de-shenzhen-en-24-affiches]]></wp:post_name>
		<wp:status><![CDATA[publish]]></wp:status>
		<wp:post_parent>0</wp:post_parent>
		<wp:menu_order>0</wp:menu_order>
		<wp:post_type><![CDATA[post]]></wp:post_type>
		<wp:post_password><![CDATA[]]></wp:post_password>
		<wp:is_sticky>0</wp:is_sticky>
		<category domain="category" nicename="arts-numeriques"><![CDATA[Arts Numériques]]></category>
		<category domain="category" nicename="spectacles"><![CDATA[Spectacles]]></category>
		<wp:postmeta>
			<wp:meta_key><![CDATA[_edit_last]]></wp:meta_key>
			<wp:meta_value><![CDATA[1]]></wp:meta_value>
		</wp:postmeta>
	</item>
	<item>
		<title>Intensional Particle</title>
		<link>https://jfleblanc.dectim.ca/cours/cw4/semaine05/intensional-particle/</link>
		<pubDate>Sun, 18 Feb 2018 20:16:39 +0000</pubDate>
		<dc:creator><![CDATA[jfleblanc]]></dc:creator>
		<guid isPermaLink="false">https://jfleblanc.dectim.ca/cours/cw4/semaine05/?p=26</guid>
		<description></description>
		<content:encoded><![CDATA[Le chorégraphe et ancien B-boy Hiroaki Umeda est un acteur majeur de l'exploration des liens entre danse et arts numériques, en quête d’un métamouvement dans lequel les formes fusionnent. Il présente au cœur du festival Temps d’Images à l’Usine C une nouvelle œuvre d’une grande finesse esthétique. L’interprète se trouve tour à tour en apesanteur dans des paysages ondulants, cerné de flammes métalliques ou transpercé de rais de lumière d’une poésie infinie.

35$

Usine C]]></content:encoded>
		<excerpt:encoded><![CDATA[]]></excerpt:encoded>
		<wp:post_id>26</wp:post_id>
		<wp:post_date><![CDATA[2018-02-18 21:16:39]]></wp:post_date>
		<wp:post_date_gmt><![CDATA[2018-02-18 20:16:39]]></wp:post_date_gmt>
		<wp:comment_status><![CDATA[open]]></wp:comment_status>
		<wp:ping_status><![CDATA[open]]></wp:ping_status>
		<wp:post_name><![CDATA[intensional-particle]]></wp:post_name>
		<wp:status><![CDATA[publish]]></wp:status>
		<wp:post_parent>0</wp:post_parent>
		<wp:menu_order>0</wp:menu_order>
		<wp:post_type><![CDATA[post]]></wp:post_type>
		<wp:post_password><![CDATA[]]></wp:post_password>
		<wp:is_sticky>0</wp:is_sticky>
		<category domain="category" nicename="arts-numeriques"><![CDATA[Arts Numériques]]></category>
		<category domain="category" nicename="spectacles"><![CDATA[Spectacles]]></category>
		<wp:postmeta>
			<wp:meta_key><![CDATA[_edit_last]]></wp:meta_key>
			<wp:meta_value><![CDATA[1]]></wp:meta_value>
		</wp:postmeta>
	</item>
	<item>
		<title>Résonances boréales</title>
		<link>https://jfleblanc.dectim.ca/cours/cw4/semaine05/resonances-boreales/</link>
		<pubDate>Sun, 18 Feb 2018 20:17:22 +0000</pubDate>
		<dc:creator><![CDATA[jfleblanc]]></dc:creator>
		<guid isPermaLink="false">https://jfleblanc.dectim.ca/cours/cw4/semaine05/?p=28</guid>
		<description></description>
		<content:encoded><![CDATA[Dans ce spectacle haut en couleur présenté dans le dôme de la SAT, Zavada propose un dialogue entre les résonances du piano et les aurores boréales filmées en 360 degrés. Plongez en plein cœur de la taïga, sous ses aurores, pour une expérience immersive et pianistique unique au monde !

25$

Dôme de la SAT

https://youtu.be/vQa7ptILDeQ]]></content:encoded>
		<excerpt:encoded><![CDATA[]]></excerpt:encoded>
		<wp:post_id>28</wp:post_id>
		<wp:post_date><![CDATA[2018-02-18 21:17:22]]></wp:post_date>
		<wp:post_date_gmt><![CDATA[2018-02-18 20:17:22]]></wp:post_date_gmt>
		<wp:comment_status><![CDATA[open]]></wp:comment_status>
		<wp:ping_status><![CDATA[open]]></wp:ping_status>
		<wp:post_name><![CDATA[resonances-boreales]]></wp:post_name>
		<wp:status><![CDATA[publish]]></wp:status>
		<wp:post_parent>0</wp:post_parent>
		<wp:menu_order>0</wp:menu_order>
		<wp:post_type><![CDATA[post]]></wp:post_type>
		<wp:post_password><![CDATA[]]></wp:post_password>
		<wp:is_sticky>0</wp:is_sticky>
		<category domain="category" nicename="arts-numeriques"><![CDATA[Arts Numériques]]></category>
		<category domain="category" nicename="spectacles"><![CDATA[Spectacles]]></category>
		<wp:postmeta>
			<wp:meta_key><![CDATA[_edit_last]]></wp:meta_key>
			<wp:meta_value><![CDATA[1]]></wp:meta_value>
		</wp:postmeta>
		<wp:postmeta>
			<wp:meta_key><![CDATA[_oembed_27b1a629bdf134aed560f73070ecf71e]]></wp:meta_key>
			<wp:meta_value><![CDATA[<iframe width="660" height="371" src="https://www.youtube.com/embed/vQa7ptILDeQ?feature=oembed" frameborder="0" allow="autoplay; encrypted-media" allowfullscreen></iframe>]]></wp:meta_value>
		</wp:postmeta>
		<wp:postmeta>
			<wp:meta_key><![CDATA[_oembed_time_27b1a629bdf134aed560f73070ecf71e]]></wp:meta_key>
			<wp:meta_value><![CDATA[1518985022]]></wp:meta_value>
		</wp:postmeta>
		<wp:postmeta>
			<wp:meta_key><![CDATA[_oembed_3251b17e302aa7e94c4a63f799da4ac7]]></wp:meta_key>
			<wp:meta_value><![CDATA[<iframe width="500" height="281" src="https://www.youtube.com/embed/vQa7ptILDeQ?feature=oembed" frameborder="0" allow="autoplay; encrypted-media" allowfullscreen></iframe>]]></wp:meta_value>
		</wp:postmeta>
		<wp:postmeta>
			<wp:meta_key><![CDATA[_oembed_time_3251b17e302aa7e94c4a63f799da4ac7]]></wp:meta_key>
			<wp:meta_value><![CDATA[1518988494]]></wp:meta_value>
		</wp:postmeta>
	</item>
	<item>
		<title>Hello Kongzi au MAC- Exposition des figurines</title>
		<link>https://jfleblanc.dectim.ca/cours/cw4/semaine05/hello-kongzi-au-mac-exposition-des-figurines/</link>
		<pubDate>Sun, 18 Feb 2018 20:18:37 +0000</pubDate>
		<dc:creator><![CDATA[jfleblanc]]></dc:creator>
		<guid isPermaLink="false">https://jfleblanc.dectim.ca/cours/cw4/semaine05/?p=32</guid>
		<description></description>
		<content:encoded><![CDATA[Une exposition didactique mettra en valeur une sélection des figurines peintes par les participants aux ateliers du Musée! (seule l'admission à l'exposition Hello Kongzi est gratuite, selon les heures d'ouverture du MAC)

Gratuit

Musée d’art contemporain de Montréal]]></content:encoded>
		<excerpt:encoded><![CDATA[]]></excerpt:encoded>
		<wp:post_id>32</wp:post_id>
		<wp:post_date><![CDATA[2018-02-18 21:18:37]]></wp:post_date>
		<wp:post_date_gmt><![CDATA[2018-02-18 20:18:37]]></wp:post_date_gmt>
		<wp:comment_status><![CDATA[open]]></wp:comment_status>
		<wp:ping_status><![CDATA[open]]></wp:ping_status>
		<wp:post_name><![CDATA[hello-kongzi-au-mac-exposition-des-figurines]]></wp:post_name>
		<wp:status><![CDATA[publish]]></wp:status>
		<wp:post_parent>0</wp:post_parent>
		<wp:menu_order>0</wp:menu_order>
		<wp:post_type><![CDATA[post]]></wp:post_type>
		<wp:post_password><![CDATA[]]></wp:post_password>
		<wp:is_sticky>0</wp:is_sticky>
		<category domain="category" nicename="exposition"><![CDATA[Exposition]]></category>
		<category domain="category" nicename="spectacles"><![CDATA[Spectacles]]></category>
		<wp:postmeta>
			<wp:meta_key><![CDATA[_edit_last]]></wp:meta_key>
			<wp:meta_value><![CDATA[1]]></wp:meta_value>
		</wp:postmeta>
	</item>
	<item>
		<title>Mouse on the Keys</title>
		<link>https://jfleblanc.dectim.ca/cours/cw4/semaine05/mouse-on-the-keys/</link>
		<pubDate>Sun, 18 Feb 2018 20:19:36 +0000</pubDate>
		<dc:creator><![CDATA[jfleblanc]]></dc:creator>
		<guid isPermaLink="false">https://jfleblanc.dectim.ca/cours/cw4/semaine05/?p=35</guid>
		<description></description>
		<content:encoded><![CDATA[Composé des musiciens Akira Kawasaki (batterie, clavier), Atsushi Kiyota (piano, clavier) et Daisuke Niitome (piano, clavier), Mouse on the Keys évolue depuis sa naissance en 2006 sur la scène musicale underground japonaise. Artisan d’une expérience sonore et visuelle complexe, où les pianos minimalistes côtoient les percussions dynamiques, le trio instrumental décline un mélange unique de funk, de jazz, de post-rock et d’électro dont le nombre d’adeptes grandit à chaque concert.

32$

Maison du Festival

https://youtu.be/84fbU39V0Ko]]></content:encoded>
		<excerpt:encoded><![CDATA[]]></excerpt:encoded>
		<wp:post_id>35</wp:post_id>
		<wp:post_date><![CDATA[2018-02-18 21:19:36]]></wp:post_date>
		<wp:post_date_gmt><![CDATA[2018-02-18 20:19:36]]></wp:post_date_gmt>
		<wp:comment_status><![CDATA[open]]></wp:comment_status>
		<wp:ping_status><![CDATA[open]]></wp:ping_status>
		<wp:post_name><![CDATA[mouse-on-the-keys]]></wp:post_name>
		<wp:status><![CDATA[publish]]></wp:status>
		<wp:post_parent>0</wp:post_parent>
		<wp:menu_order>0</wp:menu_order>
		<wp:post_type><![CDATA[post]]></wp:post_type>
		<wp:post_password><![CDATA[]]></wp:post_password>
		<wp:is_sticky>0</wp:is_sticky>
		<category domain="category" nicename="musiques"><![CDATA[Musiques]]></category>
		<category domain="category" nicename="spectacles"><![CDATA[Spectacles]]></category>
		<wp:postmeta>
			<wp:meta_key><![CDATA[_oembed_7596d483eb4a5dc7c5af3a7b03b86bef]]></wp:meta_key>
			<wp:meta_value><![CDATA[<iframe width="660" height="371" src="https://www.youtube.com/embed/84fbU39V0Ko?feature=oembed" frameborder="0" allow="autoplay; encrypted-media" allowfullscreen></iframe>]]></wp:meta_value>
		</wp:postmeta>
		<wp:postmeta>
			<wp:meta_key><![CDATA[_oembed_time_7596d483eb4a5dc7c5af3a7b03b86bef]]></wp:meta_key>
			<wp:meta_value><![CDATA[1518985143]]></wp:meta_value>
		</wp:postmeta>
		<wp:postmeta>
			<wp:meta_key><![CDATA[_edit_last]]></wp:meta_key>
			<wp:meta_value><![CDATA[1]]></wp:meta_value>
		</wp:postmeta>
		<wp:postmeta>
			<wp:meta_key><![CDATA[_oembed_1120d5052e3d0510c3aacbd8b5efcea9]]></wp:meta_key>
			<wp:meta_value><![CDATA[<iframe width="500" height="281" src="https://www.youtube.com/embed/84fbU39V0Ko?feature=oembed" frameborder="0" allow="autoplay; encrypted-media" allowfullscreen></iframe>]]></wp:meta_value>
		</wp:postmeta>
		<wp:postmeta>
			<wp:meta_key><![CDATA[_oembed_time_1120d5052e3d0510c3aacbd8b5efcea9]]></wp:meta_key>
			<wp:meta_value><![CDATA[1518988494]]></wp:meta_value>
		</wp:postmeta>
	</item>
	<item>
		<title>Radio Radio</title>
		<link>https://jfleblanc.dectim.ca/cours/cw4/semaine05/radio-radio/</link>
		<pubDate>Sun, 18 Feb 2018 20:20:17 +0000</pubDate>
		<dc:creator><![CDATA[jfleblanc]]></dc:creator>
		<guid isPermaLink="false">https://jfleblanc.dectim.ca/cours/cw4/semaine05/?p=38</guid>
		<description></description>
		<content:encoded><![CDATA[Avec leur ultra accrocheur <em>Ej Feel Zoo</em> lancé au printemps 2014, les joyeux acolytes de Radio Radio ont prouvé qu’ils ont la potion magique de la fiesta explosive. Des rythmes allumés, une belle connexion avec la foule et un hip-hop teinté d’électro éclectique et efficace... Et ça tombe bien, parce que le groupe nous prépare justement la suite : <em>Light the Sky</em>, un nouvel album et un nouveau spectacle pour lancer le tout ! À vos marques, prêts, party !

28$

Club Soda]]></content:encoded>
		<excerpt:encoded><![CDATA[]]></excerpt:encoded>
		<wp:post_id>38</wp:post_id>
		<wp:post_date><![CDATA[2018-02-18 21:20:17]]></wp:post_date>
		<wp:post_date_gmt><![CDATA[2018-02-18 20:20:17]]></wp:post_date_gmt>
		<wp:comment_status><![CDATA[open]]></wp:comment_status>
		<wp:ping_status><![CDATA[open]]></wp:ping_status>
		<wp:post_name><![CDATA[radio-radio]]></wp:post_name>
		<wp:status><![CDATA[publish]]></wp:status>
		<wp:post_parent>0</wp:post_parent>
		<wp:menu_order>0</wp:menu_order>
		<wp:post_type><![CDATA[post]]></wp:post_type>
		<wp:post_password><![CDATA[]]></wp:post_password>
		<wp:is_sticky>0</wp:is_sticky>
		<category domain="category" nicename="musiques"><![CDATA[Musiques]]></category>
		<category domain="category" nicename="spectacles"><![CDATA[Spectacles]]></category>
		<wp:postmeta>
			<wp:meta_key><![CDATA[_edit_last]]></wp:meta_key>
			<wp:meta_value><![CDATA[1]]></wp:meta_value>
		</wp:postmeta>
	</item>
	<item>
		<title>Betty Bonifassi</title>
		<link>https://jfleblanc.dectim.ca/cours/cw4/semaine05/betty-bonifassi/</link>
		<pubDate>Sun, 18 Feb 2018 20:20:51 +0000</pubDate>
		<dc:creator><![CDATA[jfleblanc]]></dc:creator>
		<guid isPermaLink="false">https://jfleblanc.dectim.ca/cours/cw4/semaine05/?p=41</guid>
		<description></description>
		<content:encoded><![CDATA[Bien connue pour sa participation aux projets <em>Les Triplettes de Belleville,</em> DJ Champion et Beast, Betty Bonifassi nous présente enfin son nouvel album éponyme. Le projet se veut une relecture contemporaine des chants d’esclaves du début du siècle. Un album fort, amalgame d’électro et de rock, avec une voix incomparable.

32$

Club Soda]]></content:encoded>
		<excerpt:encoded><![CDATA[]]></excerpt:encoded>
		<wp:post_id>41</wp:post_id>
		<wp:post_date><![CDATA[2018-02-18 21:20:51]]></wp:post_date>
		<wp:post_date_gmt><![CDATA[2018-02-18 20:20:51]]></wp:post_date_gmt>
		<wp:comment_status><![CDATA[open]]></wp:comment_status>
		<wp:ping_status><![CDATA[open]]></wp:ping_status>
		<wp:post_name><![CDATA[betty-bonifassi]]></wp:post_name>
		<wp:status><![CDATA[publish]]></wp:status>
		<wp:post_parent>0</wp:post_parent>
		<wp:menu_order>0</wp:menu_order>
		<wp:post_type><![CDATA[post]]></wp:post_type>
		<wp:post_password><![CDATA[]]></wp:post_password>
		<wp:is_sticky>0</wp:is_sticky>
		<category domain="category" nicename="musiques"><![CDATA[Musiques]]></category>
		<category domain="category" nicename="spectacles"><![CDATA[Spectacles]]></category>
		<wp:postmeta>
			<wp:meta_key><![CDATA[_edit_last]]></wp:meta_key>
			<wp:meta_value><![CDATA[1]]></wp:meta_value>
		</wp:postmeta>
	</item>
	<item>
		<title>Bonjour tout le monde !</title>
		<link>https://jfleblanc.dectim.ca/cours/cw4/semaine05/bonjour-tout-le-monde__trashed-2/</link>
		<pubDate>Wed, 14 Feb 2018 18:40:20 +0000</pubDate>
		<dc:creator><![CDATA[jfleblanc]]></dc:creator>
		<guid isPermaLink="false">https://jfleblanc.dectim.ca/cours/cw4/semaine05/?p=1</guid>
		<description></description>
		<content:encoded><![CDATA[Bienvenue sur WordPress. Ceci est votre premier article. Modifiez-le ou supprimez-le, puis lancez-vous !]]></content:encoded>
		<excerpt:encoded><![CDATA[]]></excerpt:encoded>
		<wp:post_id>43</wp:post_id>
		<wp:post_date><![CDATA[2018-02-14 19:40:20]]></wp:post_date>
		<wp:post_date_gmt><![CDATA[2018-02-14 18:40:20]]></wp:post_date_gmt>
		<wp:comment_status><![CDATA[open]]></wp:comment_status>
		<wp:ping_status><![CDATA[open]]></wp:ping_status>
		<wp:post_name><![CDATA[bonjour-tout-le-monde__trashed-2]]></wp:post_name>
		<wp:status><![CDATA[trash]]></wp:status>
		<wp:post_parent>0</wp:post_parent>
		<wp:menu_order>0</wp:menu_order>
		<wp:post_type><![CDATA[post]]></wp:post_type>
		<wp:post_password><![CDATA[]]></wp:post_password>
		<wp:is_sticky>0</wp:is_sticky>
		<category domain="category" nicename="non-classe"><![CDATA[Non classé]]></category>
		<wp:postmeta>
			<wp:meta_key><![CDATA[_wp_trash_meta_status]]></wp:meta_key>
			<wp:meta_value><![CDATA[publish]]></wp:meta_value>
		</wp:postmeta>
		<wp:postmeta>
			<wp:meta_key><![CDATA[_wp_trash_meta_time]]></wp:meta_key>
			<wp:meta_value><![CDATA[1518633676]]></wp:meta_value>
		</wp:postmeta>
		<wp:postmeta>
			<wp:meta_key><![CDATA[_wp_desired_post_slug]]></wp:meta_key>
			<wp:meta_value><![CDATA[bonjour-tout-le-monde]]></wp:meta_value>
		</wp:postmeta>
		<wp:postmeta>
			<wp:meta_key><![CDATA[_wp_trash_meta_comments_status]]></wp:meta_key>
			<wp:meta_value><![CDATA[a:1:{i:1;s:1:"1";}]]></wp:meta_value>
		</wp:postmeta>
		<wp:comment>
			<wp:comment_id>2</wp:comment_id>
			<wp:comment_author><![CDATA[Un commentateur WordPress]]></wp:comment_author>
			<wp:comment_author_email><![CDATA[wapuu@wordpress.example]]></wp:comment_author_email>
			<wp:comment_author_url>https://wordpress.org/</wp:comment_author_url>
			<wp:comment_author_IP><![CDATA[]]></wp:comment_author_IP>
			<wp:comment_date><![CDATA[2018-02-14 19:40:20]]></wp:comment_date>
			<wp:comment_date_gmt><![CDATA[2018-02-14 18:40:20]]></wp:comment_date_gmt>
			<wp:comment_content><![CDATA[Bonjour, ceci est un commentaire.
Pour débuter avec la modération, la modification et la suppression de commentaires, veuillez visiter l’écran des Commentaires dans le Tableau de bord.
Les avatars des personnes qui commentent arrivent depuis <a href="https://gravatar.com" rel="nofollow">Gravatar</a>.]]></wp:comment_content>
			<wp:comment_approved><![CDATA[post-trashed]]></wp:comment_approved>
			<wp:comment_type><![CDATA[]]></wp:comment_type>
			<wp:comment_parent>0</wp:comment_parent>
			<wp:comment_user_id>0</wp:comment_user_id>
		</wp:comment>
	</item>
</channel>
</rss>
